2020-02-06,wx4getg,1.2133333333333334
2020-01-28,wx53vr8,0.01
2020-03-13,wx4er4b,0.03
2020-02-26,wx4u69z,0.007544910179640717
2020-02-14,wx4fcnx,0.2736363636363636
2020-02-24,wx4vjtf,0.0034615384615384616
2020-03-01,wx48wyf,0.05444444444444444
2020-01-25,wx4ew2j,0.01
2020-02-27,wx4dq6n,8.333333333333333E-4
2020-01-24,wt91hpq,0.01
2020-01-24,wx4ent1,0.006666666666666666
2020-02-20,wx4d7zh,0.43
2020-02-29,wx4dz9r,0.4691666666666667
2020-01-22,wx4g938,0.008888888888888889
2020-03-09,wx4dvu2,0.03
2020-03-12,wx4dwm2,0.06
2020-01-30,wx4ej9w,0.05
2020-01-17,wx4g8by,0.0020833333333333333
2020-01-20,ww64m4p,0.02
2020-02-25,wx4getu,0.15428571428571428
2020-02-28,wx4g93v,0.03
2020-03-08,wx4g93s,0.02290909090909091
2020-02-19,wx4dzc2,0.15
2020-02-20,wx4getg,0.1526179245283019
2020-02-28,wx4dzb6,0.029147286821705427
2020-02-29,wx4cbvf,0.03
2020-02-16,wx4fcnx,0.33
2020-02-24,wx4g6vn,0.09
2020-01-28,wx4ej9w,0.01
2020-02-24,wx4fyw4,0.005923076923076923
2020-01-30,wx4getg,0.019166666666666665
2020-02-11,wx4g6vn,0.3334375
2020-03-09,wx4dq6m,0.03
2020-02-15,wx4s1vm,0.4
2020-02-23,wx4eqbe,0.0475
2020-03-07,wx4getu,0.2735294117647059
2020-01-18,ww61gqb,0.01
2020-02-01,wx4gh02,0.004576271186440678
2020-01-26,wx4g9mc,0.01
2020-01-26,wx4ej9w,0.02
2020-02-05,yb471tt,0.01
2020-01-19,wx4eqw8,0.008571428571428572
2020-03-12,wx4gete,0.03
2020-01-29,ww64m4p,0.005
2020-02-28,wx4uq0x,0.03
2020-03-07,wx4dvu2,0.03
2020-02-05,wxrk3tx,1.2658227848101267E-4
2020-01-17,wx4ep2e,0.01
2020-01-15,wx4enyj,0.021683389074693422
2020-01-17,wx4g453,0.01
2020-01-18,wx4u69g,0.012734671730873575
2020-02-22,wx4g4ft,0.028846153846153844
2020-03-10,wx4g76x,2.631578947368421E-4
2020-02-02,wx4uq1n,0.19483870967741937
2020-01-28,wx4dym2,0.03
2020-01-28,wx4exgv,0.03
2020-02-25,wx4g4fv,0.03
2020-01-30,wx4gjhp,0.01
2020-02-04,wx4uq1r,0.7038647342995169
2020-02-22,wx4g93s,0.03
2020-02-01,ww98jwy,0.01
2020-01-15,wx4g6uf,0.033111758046255865
2020-02-27,wx4eqv3,0.051666666666666666
2020-03-14,wx4f4tn,0.0024999999999999996
2020-02-26,wx4uq93,0.06
2020-02-12,wt3nm8j,0.4
2020-03-10,wx4ej9w,0.06
2020-02-10,wx4uq1n,0.1375
2020-02-02,wx4g93s,0.01
2020-02-12,wx4eqv9,1.6400000000000001
2020-01-15,wx4dz9s,0.0013043478260869564
2020-02-09,wx4fyv6,0.01
2020-01-16,wx4vmfr,0.01
2020-01-22,wx4epud,0.01
2020-01-16,wx4qpqh,0.01
2020-01-19,wx4g6jj,0.01
2020-01-16,wx4ep0n,0.01
2020-02-26,wx4gete,0.008333333333333333
2020-02-18,wx4g7sq,0.06
2020-02-25,wx4getg,0.03
2020-02-21,wx4fcnw,0.005126794258373205
2020-03-06,wx4dwn3,0.03
2020-01-25,wx4g9mc,0.03
2020-01-16,wx4ep2e,0.01
2020-01-29,wx4fbbj,0.01
2020-03-12,wx4fcpj,0.00375
2020-01-25,wx4dym2,0.02
2020-01-25,w2838yn,0.01
2020-02-22,wx4g4fv,0.001153846153846154
2020-02-22,wx4getu,0.2863227535888072
2020-03-03,wx4er4b,0.041999999999999996
2020-02-25,wx4gemx,0.13690607734806629
2020-03-12,wx4gdnh,6.89655172413793E-4
2020-02-11,wx4uq1p,0.07333333333333333
2020-02-10,wx4eqv3,0.12
2020-01-23,wx4ej9w,0.01
2020-02-07,wx4gemx,1.2400000000000002
2020-03-14,wx4u2mg,0.03
2020-01-25,wx4vjtf,0.0058823529411764705
2020-02-17,wx4dz9r,0.03
2020-01-24,ww64m4p,0.011428571428571429
2020-02-23,wx4fcmd,0.22
2020-02-24,wx4eqv9,0.1546153846153846
2020-02-20,wx4gets,0.16679045092838196
2020-01-27,wx4dyjr,0.01
2020-02-10,wx4dp28,0.4
2020-01-24,wx4g9mc,0.02
2020-01-26,wx4g5bk,6.896551724137932E-4
2020-03-01,wx4u69z,0.020127272727272726
2020-02-08,wx4getu,2.2226315789473685
2020-02-20,wx4getu,0.21059162454331615
2020-03-14,wx4ej9w,0.001016949152542373
2020-01-21,wmru9qq,0.0011111111111111111
2020-02-25,wx4uq1p,0.019999999999999997
2020-02-08,wx4dws3,0.005294117647058823
2020-02-12,wx4gewk,0.05375
2020-01-19,wt9km1p,0.01
2020-01-16,wx4jt0n,0.02
2020-01-24,wx4vjtg,0.01
2020-02-25,wx4s1vj,0.03
2020-02-22,wx4dz9r,0.004150943396226415
2020-01-21,wx4fw43,5.454545454545455E-4
2020-02-17,wx4dzc0,0.86
2020-01-27,wx4g3sj,0.01
2020-01-20,wx4ej9w,0.07
2020-02-20,wx4eqv9,0.22
2020-01-21,wx4exgk,8.333333333333333E-4
2020-02-01,wx4gemx,0.05
2020-02-28,wx4s1vj,0.12
2020-01-23,wmrg13q,0.026056338028169014
2020-01-31,wzgrw7p,0.01
2020-03-05,wx4vty6,0.09
2020-02-05,wx4g2mn,0.03
2020-02-21,wx4g4fv,0.029166666666666664
2020-01-17,wx4g9mc,0.02
2020-02-08,wx4dws6,0.0029411764705882353
2020-03-04,wx4gu8h,0.03214285714285714
2020-01-29,ww64m1z,0.005
2020-01-17,wx4uq3s,0.02
2020-03-03,wx4vty6,0.06
2020-02-28,wx4mw1v,0.09
2020-01-18,wx4ew2m,0.01
2020-02-25,wx4eqgp,0.027499999999999997
2020-02-07,wx4getu,0.7500000000000001
2020-03-08,wx4ej9y,0.00409090909090909
2020-02-12,wx4er4b,0.22
2020-01-15,wx4jt08,6.521739130434782E-4
2020-03-08,wx4g93u,0.03709090909090909
2020-02-04,wzgrwek,0.008571428571428572
2020-03-14,wx4uq1p,0.03
2020-02-04,wx4g90g,0.01
2020-03-02,wx4g6vn,0.09
2020-01-25,wzgrw7p,0.05
2020-01-21,wx4exgv,0.01
2020-01-17,wx4g8bw,0.027916666666666666
2020-01-26,wzgrw7p,0.02
2020-01-19,wx4qpe6,0.01
2020-02-06,wx4dws3,0.01
2020-01-18,wx4dwkj,0.05
2020-03-05,wx4u2jr,0.03
2020-01-21,wx4fmmz,3.636363636363636E-4
2020-02-27,wx4dwn3,0.028846153846153844
2020-01-15,wx4fyv3,0.01
2020-02-01,wx4g2b4,0.01
2020-03-11,wx4dzb6,0.09
2020-01-21,wx53vr6,0.01
2020-02-29,wx4getu,1.47
2020-03-02,wx4mw1s,0.06999999999999999
2020-02-23,wx4dzc2,0.06
2020-02-25,wx4g399,0.03
2020-01-17,wx4vjtf,0.01
2020-01-18,wx4dvct,6.666666666666666E-4
2020-02-27,wx4g6vn,0.066
2020-01-18,wx4ej9w,0.060000000000000005
2020-01-17,wx4en76,0.01
2020-01-20,wx4g5b7,0.01
2020-02-06,wx4dzum,0.4
2020-01-28,wx4ep0n,0.060000000000000005
2020-02-19,wx4g6vn,0.12375
2020-02-09,wx4eqv3,0.04
2020-01-23,wx4vjtg,0.0095
2020-01-25,wx4dveu,0.01
2020-02-02,wx4g2mq,0.0011111111111111111
2020-03-03,wx4g93s,0.03
2020-03-11,wx4gewh,0.010989010989010988
2020-03-05,wx4fvqj,0.11
2020-02-27,wx4dq6m,0.04416666666666667
2020-02-10,wx4g3dt,5.555555555555556E-4
2020-02-14,wx4dp28,0.43
2020-03-06,wx4ej9w,0.18
2020-02-27,wx4ep0n,0.06
2020-01-17,wx4qp3g,0.04
2020-01-15,wx4uq3s,0.01
2020-01-15,wx4jt0n,0.03923671497584541
2020-03-13,wx4uq1n,0.03
2020-01-20,ws07m87,0.01
2020-03-12,wx4fcnx,0.01232142857142857
2020-03-01,wx4getu,0.27
2020-03-12,wx4g10t,0.003826970443349754
2020-03-05,wx4gemr,0.0225
2020-01-28,wx4f4tn,0.01
2020-03-12,wx4vty4,0.03
2020-02-10,wx4g2mn,0.02
2020-01-20,wx4fydu,0.002105263157894737
2020-02-04,wx4ew83,0.01
2020-01-15,wx4g60m,0.01
2020-03-09,wx4fbc4,0.06
2020-03-03,wx4u6dp,0.29981012658227846
2020-02-15,wx4uq1p,0.0758786933187768
2020-02-27,wx4gew7,0.022857142857142857
2020-02-02,wx4g2mn,0.01
2020-01-20,wx4dwkj,0.01
2020-02-23,wx4g2mw,0.002
2020-01-26,wx4epud,0.01
2020-03-02,wx4eqv9,0.08883977900552487
2020-02-10,wx4fytg,6.25E-4
2020-01-22,wx4gd19,0.01
2020-02-12,wx4g2mn,0.02
2020-03-11,wx4fyv6,0.12
2020-02-26,wx4fvqj,0.04
2020-03-10,wx4uq3s,0.03
2020-02-29,wx4mw1v,0.09
2020-02-07,wx4fcjz,0.04
2020-02-11,wx4ery7,0.01
2020-02-02,wzgrwes,0.04
2020-01-18,wx4dvcu,0.004666666666666667
2020-02-23,wx4getu,1.176666666666667
2020-02-14,wx4g6vn,0.06
2020-01-26,wx4ej9y,0.01
2020-02-08,wx4dws4,0.010588235294117647
2020-01-17,wx4u2jw,0.01
2020-01-27,wt3nm8j,0.01
2020-02-24,wx4fcnw,0.02331785345717234
2020-01-29,wx4u69v,0.01
2020-03-01,wx4dz9r,0.21707692307692308
2020-02-11,wx4ep0n,0.04
2020-01-26,wx4sns1,0.01
2020-02-23,wx4eqv9,0.15
2020-03-10,wx4fvqq,7.058823529411764E-4
2020-02-27,wx4gemr,0.0296602787456446
2020-01-15,wx4ep2e,0.01
2020-02-02,wx4uq3s,0.02
2020-03-12,wx4fcpm,0.0013392857142857143
2020-02-22,wx4fcnx,0.051195652173913045
2020-01-21,wx4g4j9,0.02
2020-01-19,wx4uq14,0.01
2020-02-29,wx4gemx,0.06
2020-01-15,wx4g0hn,0.018411458333333332
2020-01-26,wx4exgv,0.03
2020-01-20,wx4fyd5,0.001728201099764336
2020-01-16,wx4enym,0.01
2020-02-26,wx4u6dp,0.23245508982035928
2020-01-21,wx4g8h1,0.02
2020-02-12,wx4uq93,0.35897435897435903
2020-01-19,ww64kv9,0.00980952380952381
2020-03-09,wx4fyv6,0.12
2020-02-13,wx4fyv6,0.01909090909090909
2020-02-22,wx4er4b,0.03
2020-01-19,wx4g6uf,0.02
2020-02-17,wx4fyt2,0.36250000000000004
2020-02-04,wx4getg,0.8800000000000001
2020-02-14,wx4dyhb,0.11
2020-01-17,wx4ffq4,0.02
2020-01-15,wx4qpet,0.01
2020-02-08,wx4uq93,0.16
2020-01-23,wx4g0hs,0.01
2020-01-16,wx4g3dk,8.0E-4
2020-03-11,wx4g93v,0.03
2020-01-20,wx4fxmf,0.0010526315789473684
2020-03-06,wx4dyh8,0.06
2020-02-18,wx4uq1n,0.019999999999999997
2020-01-22,wx4uq14,0.005608695652173913
2020-03-02,wx4dz9r,0.15059873949579833
2020-02-09,wx4uq1n,0.17977272727272725
2020-03-07,wx48wyf,0.03
2020-02-22,wx4uq1n,0.1991818436536845
2020-02-07,wx4dp0s,0.08
2020-02-11,wx4uq1r,0.14322916666666669
2020-02-28,wx4ep0n,0.03
2020-01-17,wx4ew2j,0.02
2020-02-08,wx4uq1n,0.7986045150759185
2020-03-10,wx4fvqj,0.05929411764705882
2020-01-23,wx4vjtf,5.0E-4
2020-02-11,wx4g3dt,0.008
2020-02-01,wx4g398,0.02
2020-02-27,wx4getu,2.087142857142857
2020-03-10,wx4getg,0.12
2020-01-22,wx4fbsf,0.01
2020-02-23,wx4gemr,0.030491803278688525
2020-03-14,wx4u6dp,0.2628813559322034
2020-03-09,wx4ew83,0.03
2020-02-17,wx4getu,0.287
2020-01-30,wx4get8,0.01058139534883721
2020-02-07,wx4dp2b,0.04
2020-01-15,wx4eqwe,0.01
2020-02-13,wx4g3dm,0.030909090909090914
2020-02-27,wx4gemx,0.1203397212543554
2020-02-23,wx4u2k3,0.03
2020-02-02,wx4gemx,0.04
2020-01-15,wt3q76n,0.01
2020-02-08,wx4gewh,0.4
2020-01-22,wx4uggx,0.004
2020-02-19,wx4gete,0.0038859649122807015
2020-02-15,wx4getg,0.1345
2020-01-21,wx57d7h,0.03
2020-03-14,wx4fyv6,0.18
2020-01-17,wx4eqfs,0.01
2020-03-05,wx4fyve,0.03
2020-02-14,wx4uq1p,0.03212662337662338
2020-03-09,wx4g7sq,0.06
2020-01-21,wt91hpn,0.01
2020-03-10,wx4ew83,0.03
2020-01-22,wx4getg,0.01
2020-02-25,wx4get2,0.0130939226519337
2020-02-02,wx4getu,0.04
2020-02-17,wx4fyv6,0.08
2020-03-14,wx4f4tq,0.027499999999999997
2020-01-18,wx4ep0n,0.01
2020-02-16,wx4s1vj,0.11
2020-02-04,wt3nm8j,0.01
2020-01-21,wzgrwes,0.02
2020-02-19,wx4fcnx,0.08488636363636363
2020-02-09,wx4dws4,0.0011940298507462687
2020-02-09,wx4g2mn,0.02
2020-03-07,wx4g7u2,0.03
2020-01-19,wx4eqwe,0.018928571428571427
2020-02-21,wx4eqv3,0.08230934735835525
2020-02-18,wx4fyv6,0.04
2020-03-09,wx4dwnw,0.03
2020-01-19,wx4g4j9,0.01
2020-01-29,wx4dym2,0.02
2020-02-03,wx4vqek,0.02
2020-02-13,wx4fcnx,0.54
2020-03-09,wx4getu,0.32999999999999996
2020-02-22,wx4dyh8,0.005165562913907284
2020-01-23,wx4ep2e,0.021794871794871794
2020-02-18,wx4dzc2,1.3499999999999999
2020-01-21,wx4qp3g,0.01
2020-01-25,wx4g4f8,0.01
2020-03-03,wx4ew89,0.03
2020-02-06,wx4fyv6,0.01
2020-01-15,wx4g0hw,7.8125E-4
2020-02-05,wx4g2mp,0.01
2020-01-19,wx4uq15,0.01
2020-02-26,wx4gets,0.11166666666666666
2020-02-05,wx4s1vj,0.03
2020-01-20,wx4fyv3,0.010775862068965518
2020-02-07,wx4dz95,0.43
2020-02-02,ww98jwy,0.02
2020-02-21,wx4fymz,0.7197826086956521
2020-02-13,wx4g2mn,0.02
2020-02-27,wx4fcmd,0.03
2020-02-21,wx4ew89,0.07126153846153846
2020-03-12,wx4fyv6,0.03
2020-01-21,wx4fmmu,6.363636363636363E-4
2020-02-29,wx4g398,0.03083333333333333
2020-02-11,wx4getu,3.337361111111111
2020-03-11,wx4vty6,0.14283116883116884
2020-03-01,wx4eqv3,0.028235294117647056
2020-02-14,wx4getg,0.0375
2020-01-20,wx4fkvy,0.004626865671641791
2020-02-22,wx4fpx3,0.6417142857142857
2020-02-28,wx4gemr,0.0075
2020-01-25,wx4dp06,0.01
2020-01-31,wx4g4f8,0.01
2020-02-03,wx4s1vm,0.01
2020-02-29,wx4uq1n,0.20946428571428571
2020-01-25,wx4dzr5,0.02
2020-03-12,wx4g4fv,0.03
2020-03-02,wx4u2jp,0.057692307692307696
2020-02-04,wx4g915,0.02
2020-02-18,wx4uq1p,0.009999999999999998
2020-02-15,wx4uq1n,0.1641213066812232
2020-02-25,wx4u69z,0.001764705882352941
2020-01-16,wx4dxvy,0.01
2020-02-23,wx4fytc,0.3948979591836735
2020-01-18,wx4u69f,0.010160065111231688
2020-02-06,wx4g14h,0.007741935483870968
2020-03-06,wx4dvu2,0.03
2020-02-17,wx4s1vm,0.43
2020-03-06,wx4uq93,0.03
2020-02-16,wx4fymz,0.03613186813186813
2020-03-03,wx4eqv9,0.06
2020-01-29,wx4f4tn,0.01
2020-03-07,wx4vty6,0.21
2020-03-07,wx4fyv6,0.12
2020-03-04,wx4getu,2.5
2020-01-26,wx4vjtg,0.03
2020-02-28,wx48wwt,0.06
2020-02-27,wx4fvqj,0.04
2020-02-06,wx4s1vj,0.02
2020-01-16,wx4g0hn,0.02
2020-02-09,wx4uq93,0.08
2020-02-19,wx4eqv9,0.76
2020-01-17,wx4epud,0.009230769230769232
2020-03-01,wx4ew83,0.034423076923076924
2020-01-31,wx4eqb7,0.007777777777777778
2020-01-18,wx4g27c,5.263157894736842E-4
2020-01-29,wx4gjhp,0.02
2020-03-01,wx4fytc,0.03
2020-01-30,wx4ew2m,0.01
2020-01-19,wx4uq96,0.01
2020-02-21,wx4dz9r,0.2
2020-03-14,wx4er4b,0.06
2020-01-18,wx4umcn,0.008809523809523809
2020-01-22,wx4g932,0.0011111111111111111
2020-03-10,wx4gh08,0.03
2020-02-10,wx4dz9r,0.43
2020-03-08,wx4dwnw,0.06
2020-01-21,wx4ffq3,0.01
2020-02-11,wx4dzc2,0.24304347826086956
2020-01-20,wx4g3dk,0.005775862068965517
2020-01-18,wx4u2mg,0.02
2020-03-07,wx4u6dp,0.15
2020-02-16,wx4dz9r,0.17
2020-02-12,wx4dz9r,0.47
2020-03-03,wx4g1wj,0.12
2020-02-01,wzgrw7p,0.03974358974358974
2020-01-29,wx4getu,0.02
2020-02-01,wx4getg,0.04
2020-02-02,wx4vjtg,0.02
2020-02-15,wx4fcnx,0.40588235294117647
2020-01-27,wx53vr8,0.04
2020-01-29,wx4gemx,0.07001851851851852
2020-02-18,wx4gets,0.031818181818181815
2020-02-18,wx4gemx,1.17
2020-01-20,wx4g591,0.00967391304347826
2020-02-10,wx4eqv9,0.08
2020-01-17,wx4ej9w,0.05
2020-02-14,wx4dzc2,0.91
2020-03-12,wx4u6dp,0.17236101337086557
2020-01-31,wx53vr8,0.03
2020-02-06,wx4getu,0.4266666666666667
2020-02-21,wx4uq1n,0.02552238805970149
2020-01-24,wx4getg,0.01
2020-03-11,wx4ej9w,0.0626865671641791
2020-02-01,wx4g5bk,0.01
2020-02-24,wx4gemx,0.009279069767441861
2020-01-24,wx4dzb6,0.01
2020-01-26,wx4g5b7,0.009310344827586206
2020-02-27,wx4ew83,0.03
2020-03-10,wx49yvw,0.03
2020-02-14,wx4s1vj,0.4
2020-02-20,wx4g7sq,0.039999999999999994
2020-03-13,wx4fyv6,0.21
2020-02-12,wx4dp28,0.43
2020-02-26,wx4dwn9,0.03
2020-02-26,wx4eqv9,0.09788550983899821
2020-03-09,wx4uq1n,0.06
2020-02-13,wx4g6vn,0.12
2020-03-04,wx4g3je,0.03
2020-02-10,wx4gjk7,0.02
2020-01-21,wx4fw40,9.090909090909091E-4
2020-02-05,wx4g1wj,0.01
2020-01-22,wx4g6uf,0.02
2020-03-14,wx4dws7,0.09
2020-02-09,wx4dws6,0.025713338071547027
2020-03-03,wx4er4c,0.018
2020-01-29,wx4g915,0.01090909090909091
2020-01-21,wx4fmvg,7.272727272727272E-4
2020-01-24,wx53vhs,0.003863636363636364
2020-02-22,wx4gets,0.07144834404349976
2020-02-27,wx4s1vj,0.03
2020-02-22,wx4ep0n,0.06
2020-01-21,ww64m4p,0.02
2020-01-27,wx4f4tn,0.01
2020-01-30,wx4g398,0.01
2020-02-16,wx4gets,0.08588235294117647
2020-01-15,ww64j4w,0.0013333333333333333
2020-01-21,wx4fw4q,1.818181818181818E-4
2020-01-23,wx4ep2s,0.008205128205128205
2020-02-24,wx4er4b,0.03
2020-03-08,wx4ep0n,0.18
2020-02-24,wx4ep0n,0.09
2020-03-03,wx4g3js,0.03
2020-02-22,wx4ew83,0.03
2020-03-09,wx4fbc5,0.09
2020-02-06,wx4gemx,1.4
2020-02-21,wx4g2mn,0.03
2020-02-27,wx4uq93,0.03
2020-01-24,ww64m1z,0.008571428571428572
2020-01-15,wx4g9mc,0.01
2020-02-26,wx4dz9p,0.41925
2020-03-08,wx4er4b,0.06
2020-02-17,wx4fcnw,0.07262820512820514
2020-02-10,wx4g3dm,0.01888888888888889
2020-02-22,wx4fcnw,0.008804347826086956
2020-03-11,wx4gemx,0.06
2020-02-01,wx4uq1n,0.08
2020-02-05,wx4g915,0.04
2020-02-28,wx4vty6,0.03
2020-02-23,wx4g4fv,0.06
2020-01-19,wx4qp64,0.02
2020-01-23,wx4fbsf,0.01
2020-02-15,wx4dzc2,1.7953488372093025
2020-03-14,wx4fvmc,0.03
2020-01-29,wx4vjmw,0.01
2020-02-15,wx4er4b,0.03
2020-03-02,wx4g399,0.03
2020-03-01,wx4eqv9,0.15926470588235295
2020-02-18,wx4fcnx,0.05389473684210526
2020-02-25,wx4er4b,0.04666666666666666
2020-02-25,wx4g9ws,0.08
2020-02-17,wx4getg,0.023
2020-01-23,wx4g1ms,0.009583333333333334
2020-02-11,wx4fbc7,0.04
2020-02-07,wx4fcjy,0.04
2020-02-07,wx4gemr,0.04
2020-01-20,wx4ffq3,0.009361702127659575
2020-02-22,wx4eqv9,0.42000000000000004
2020-02-22,wx4eqb7,0.11162337662337662
2020-01-31,wx4ej9w,0.01
2020-02-29,wx4dz9x,0.10833333333333334
2020-03-06,wx4ew83,0.03
2020-03-03,wx4g6vn,0.058888888888888886
2020-03-12,wx4g4d2,3.448275862068965E-4
2020-02-22,wx4gemx,0.09
2020-03-12,wx4er4b,0.03
2020-03-07,wx4fbc5,0.21
2020-02-20,wx4dzc2,0.25
2020-03-06,wx4er59,0.03
2020-01-31,wx4g399,0.01
2020-01-18,wx4g36p,0.0044444444444444444
2020-01-18,wx4exgv,0.03
2020-02-16,wx4dzc2,1.2000000000000002
2020-03-07,wx4dq6m,0.03
2020-03-10,wx4fyv6,0.18
2020-02-06,wx4dws1,0.01
2020-03-03,wx4dz9r,0.14737079573420836
2020-01-20,w7w93tg,0.00909090909090909
2020-02-12,wx4getu,1.8000000000000003
2020-03-07,wx4u2mg,0.03
2020-02-22,wx4fytc,0.02205128205128205
2020-01-30,wzgrw7p,0.02
2020-01-28,wt3nm8j,0.01
2020-03-04,wx4dq6t,0.03
2020-03-04,wx4mw1s,0.03
2020-01-19,wx4fyv4,0.01
2020-01-17,wx4fbbd,0.01
2020-01-29,wx53vr8,0.04
2020-01-16,wx4g4j9,0.01
2020-03-11,wx4g1wj,0.06
2020-01-27,wx4g33k,0.01
2020-01-17,wx4vjtg,0.01
2020-01-24,wx4g938,9.090909090909091E-4
2020-01-15,wx4g915,0.01
2020-03-10,wx4dyms,0.06
2020-01-18,wx4fyv3,0.01
2020-02-27,wx4dwp6,0.001153846153846154
2020-02-11,wx4uq93,0.4
2020-02-11,wx4g2mn,0.03
2020-02-04,wx4vqek,0.02
2020-01-26,wx4dym2,0.02
2020-02-24,wx4fpx1,1.1700776198601073
2020-02-08,wx4dz9r,0.8
2020-02-23,wx4g2mn,0.03
2020-01-16,wx4g451,0.03
2020-03-05,wx4fyv6,0.06
2020-03-11,wx49yvx,0.03
2020-01-19,wx4eqw7,0.0025
2020-03-13,wx4ep0n,0.03
2020-01-20,wx4g451,0.008666666666666668
2020-01-17,wx4en2u,0.01
2020-01-21,wx4g1mt,0.003333333333333333
2020-01-17,wx4g2mn,0.01
2020-02-06,wx4g90g,0.04
2020-02-19,wx4fpx1,0.04
2020-02-17,wx4cbvf,0.11
2020-01-21,wx4uq0f,0.01
2020-02-06,wx4ew83,0.04
2020-03-04,wx4s1vj,0.18
2020-01-30,wx4dwkj,0.01
2020-02-28,wx4eqv3,0.1455
2020-01-28,wx4dzvs,0.01
2020-01-19,wx4g915,0.01
2020-01-30,wx4g2b4,0.01
2020-02-19,wx4g2mn,0.02
2020-02-23,wx4eqb7,0.0125
2020-03-10,wx4vty4,0.1197799511002445
2020-01-16,wx4g2mp,0.01
2020-01-30,wx4g5bk,0.011
2020-02-17,wx4uq1p,0.0315
2020-01-26,wx4ep0n,0.02
2020-02-21,wx4uq1r,0.007332089552238805
2020-01-18,wx4dyjr,0.003543307086614173
2020-01-18,wx4epu9,0.01
2020-01-15,wx4g0jn,0.0021875
2020-01-25,w9xtjby,0.03
2020-01-30,wx4gemx,0.06912448700410397
2020-01-18,wx49yv6,0.02
2020-02-05,wx4ew83,0.04
2020-03-09,wx4er4b,0.03
2020-01-18,wx4uq3s,0.07
2020-01-18,wx4eqfs,0.02
2020-01-28,wx4g2mq,0.01
2020-02-20,wx4uq1p,9.574468085106381E-4
2020-01-29,wx4ep0n,0.01
2020-01-18,wx4dy17,0.003333333333333333
2020-03-02,wx4getg,0.03
2020-01-29,wx4gemr,0.009981481481481482
2020-03-06,wx4gemx,0.03
2020-02-10,wx4getg,2.066078431372549
2020-01-30,wx4getu,0.010833333333333334
2020-01-19,wx4g451,0.01
2020-03-02,wx4g2b4,0.03
2020-01-18,wx4uq28,0.009827586206896551
2020-03-08,wx4getg,0.165
2020-02-23,wx4ew83,0.024
2020-01-25,wx4ej9w,0.02
2020-03-10,wx4g7u3,0.0013157894736842105
2020-03-10,wx4g7sq,0.11842105263157894
2020-02-10,wx4getu,1.4239215686274511
2020-02-01,wx4g5b7,0.01
2020-03-14,wx4fbc5,0.18
2020-03-13,wx4fvqn,0.014166666666666666
2020-03-08,wx4uq1p,0.09
2020-02-05,wx4uq1n,0.39982269503546103
2020-02-15,wx4gemx,0.11
2020-01-15,wx4g0mc,0.005526315789473685
2020-03-05,wx4getu,0.5128205128205128
2020-01-21,wxxbq20,0.0069387755102040816
2020-01-27,wx4dzb6,0.01
2020-01-29,wx4g4f8,0.01
2020-02-04,wx4g0up,0.01
2020-01-31,wx4vjtf,0.008113207547169812
2020-01-17,wx4gn0e,0.005
2020-01-24,wzgrw7p,0.01
2020-03-14,wx4gets,0.075
2020-03-01,wx4ew89,0.08557692307692308
2020-01-18,wx4dzvu,0.01
2020-03-01,wx4uq1p,0.05489415584415585
2020-03-01,wx4s1vj,0.03
2020-03-09,wx4gemx,0.06
2020-03-09,wx4ej9w,0.06
2020-01-21,wx4ej9w,0.03
2020-01-19,wx4g3eh,0.01
2020-03-09,wx48wyf,0.03
2020-01-28,wx4vjtg,0.03
2020-01-21,wx4g1ms,0.006666666666666666
2020-01-15,wx4g4bb,0.01
2020-01-22,wt3njnx,0.01
2020-03-02,wx4fvqj,0.43
2020-02-02,wx4dyms,0.02
2020-02-25,wx4u6dp,0.11735294117647058
2020-02-19,wx4g7sq,0.03
2020-01-19,ww1rz7y,0.003333333333333333
2020-02-05,wx4gemx,0.48000000000000004
2020-02-25,wx4dz9x,0.06088495575221239
2020-03-01,wx4getg,0.03
2020-01-22,wx4ug2f,0.006
2020-02-20,wx4fcnw,0.0494306049822064
2020-03-12,wx4g4f7,0.013793103448275862
2020-01-24,wx4dyjr,0.007619047619047619
2020-03-01,wx4dzb6,0.0225
2020-02-15,wx4fuxp,0.11
2020-02-12,wx4g6vn,0.3361111111111111
2020-03-11,wx4g6vn,0.03
2020-03-11,wx4dvu2,0.09
2020-02-27,wx4dq6t,0.075
2020-01-17,wx4ert4,0.01
2020-03-12,wx4ep0n,0.06
2020-02-25,wx4dzc2,0.02663716814159292
2020-01-16,wx4exgv,0.02
2020-02-08,wx4dp28,0.4
2020-02-19,wx4gpnn,0.04
2020-02-21,wx4fcnx,0.0848732057416268
2020-01-20,wx4fyev,0.0018421052631578947
2020-03-12,wt3nm8j,0.03
2020-01-20,wx4exg7,0.01
2020-02-24,wx4g9ws,0.04
2020-02-19,wx4g4fv,0.03
2020-02-23,wx4uq1n,0.09604580152671754
2020-02-03,wx4dws3,0.01
2020-03-09,wx4g6vn,0.03
2020-01-15,wx4g0hu,7.8125E-5
2020-01-17,wx4epue,7.692307692307693E-4
2020-02-27,wx4eqv9,0.15187763713080168
2020-02-22,wx4ds2y,0.03
2020-02-22,wx4dzc2,0.5458490566037736
2020-03-14,wx4g1wj,0.09
2020-03-12,wx4fbc4,0.052714285714285714
2020-01-17,wx4g1vq,0.01
2020-02-18,wx4fymz,0.044444444444444446
2020-01-31,wx4ew2m,0.017456140350877194
2020-01-19,wx4dzb2,0.005952380952380952
2020-03-07,wx4f4tn,0.03
2020-01-26,wx4f4tq,0.01
2020-01-26,wx4dvs5,0.0010084033613445378
2020-02-23,wx4fyw1,0.03510204081632653
2020-01-23,wx4getg,0.026923076923076925
2020-03-04,wx4ew89,0.06
2020-03-03,wx4dz9p,0.032629204265791634
2020-02-19,wx4s1ub,0.03
2020-01-19,wx4exg5,0.00704225352112676
2020-01-25,ww64m4p,0.03
2020-02-10,wx4gemx,1.72
2020-02-03,wx4g90g,0.01
2020-03-07,wx4dwnw,0.03
2020-02-07,wx4ep0n,0.03
2020-01-19,wtejvxe,0.01
2020-02-22,wx4s1vj,0.03
2020-03-01,wx4u6dp,0.18987272727272725
2020-03-08,wx4u6dp,0.27
2020-02-26,wx4dwn3,0.03
2020-02-08,wx4dz95,0.86
2020-02-18,wx4gpnr,0.35555555555555557
2020-02-27,wx4g4fv,0.03
2020-03-09,wx4gete,0.0016363636363636363
2020-03-03,wx4mw1s,0.09
2020-03-07,wx4g1wj,0.03
2020-01-31,wx4vjtg,0.02188679245283019
2020-02-08,wx4getg,0.6447368421052632
2020-03-11,wx4g93s,0.03
2020-01-31,wx4f4tq,0.01
2020-01-22,wx53vr8,0.03
2020-01-30,wx4vjtg,0.01
2020-01-22,wx4dvsh,0.01
2020-01-26,wx53vr8,0.01
2020-03-12,wx4dwn9,0.03
2020-02-16,wx4getu,0.14411764705882352
2020-01-29,wx4g3sj,0.01
2020-02-08,wx4g2mn,0.03
2020-01-29,wx4ej9w,0.02
2020-03-11,wx4dq6m,0.03
2020-02-08,wx4fyv6,0.03
2020-01-16,wx4fbbj,0.01
2020-02-01,wx4ej9w,0.02
2020-02-27,wx4uq0w,0.025500000000000002
2020-02-07,wx4uhwe,0.01
2020-02-04,wx4gh08,0.01
2020-02-21,wx4eqv9,0.4676906526416448
2020-01-15,wx4eqfs,0.019855072463768116
2020-03-13,wx4epy3,0.03
2020-02-23,wx4g2mp,0.008
2020-02-17,wx4g2mn,0.020126582278481013
2020-01-15,wx4dym2,0.01
2020-01-19,ww64m4p,0.01
2020-02-25,wx4ew89,0.042355263157894736
2020-01-27,wx4gjhp,0.02
2020-01-15,wx4g451,0.03517241379310345
2020-02-19,wx4getu,0.07278947368421052
2020-02-03,wx4g915,0.01
2020-02-19,wx4gets,0.09332456140350877
2020-02-24,wx4g4fv,0.03
2020-02-05,wxhcbj7,3.7974683544303797E-4
2020-01-15,wx4fytj,0.01
2020-01-31,wx4g5d6,0.005
2020-01-22,wx4uq0f,0.024391304347826086
2020-01-15,wx4g141,0.01
2020-02-21,wx4gete,0.009333333333333334
2020-03-08,wx4g515,0.029505494505494504
2020-01-15,wx4exuj,0.00375
2020-03-14,wx4g7sq,0.03
2020-02-10,wx4fytf,0.0043055555555555555
2020-02-29,wx4eqv9,0.12
2020-02-11,wx4fyv6,0.009666666666666667
2020-01-31,wx4gemx,0.06030075187969925
2020-01-21,wx4dwkj,0.01
2020-01-20,wx4ffq4,6.382978723404255E-4
2020-03-13,wx49yvx,0.03
2020-02-09,wx4dzb6,0.01
2020-02-21,wx4dzc2,0.11
2020-03-08,wx4fyv6,0.18
2020-01-15,wx4erwq,0.02
2020-03-05,wx4dvsp,0.03
2020-03-05,wx4dvu2,0.03
2020-03-14,wx4fvqj,0.21
2020-03-12,wx4g10j,0.0021428571428571425
2020-03-14,wx4dwnw,0.06
2020-01-21,wx4fqpc,4.5454545454545455E-4
2020-01-23,wx4g143,0.01
2020-02-19,wx4uq1n,0.03375
2020-03-05,wx4getg,0.10717948717948718
2020-03-14,wx4uq1n,0.15
2020-03-12,wx4dyh8,0.03
2020-03-13,wx4u6dp,0.3160869565217391
2020-01-21,wx4g915,0.01
2020-01-27,wx49yv6,0.02
2020-01-16,wx4uq14,0.01
2020-02-07,wx4fyv6,0.03
2020-02-11,wx4getg,0.5726388888888888
2020-01-20,wx4g45h,6.666666666666666E-4
2020-02-29,wx4u6dp,0.33000000000000007
2020-01-30,wx4g2mq,0.01
2020-03-11,wx4ep0n,0.06
2020-03-12,wx4getu,0.09
2020-02-29,wx4ep0n,0.03
2020-02-21,wx4g7sq,0.14278846153846153
2020-02-21,wx4uq1p,0.012145522388059701
2020-03-02,wx4u6dp,0.1505084745762712
2020-02-28,wx4g4fv,0.03
2020-03-10,wx4dwn9,0.002727272727272727
2020-03-14,wx4g4fv,0.03
2020-03-06,wx4f4tn,0.03
2020-03-06,wx4u6dp,0.06
2020-01-17,wx4g3dm,0.02
2020-03-08,wx4g2b4,0.03
2020-03-10,wx4dq6t,0.03
2020-02-06,wt3nm8j,0.04
2020-02-06,wx4g145,0.04225806451612903
2020-03-04,wx4ej9w,0.09
2020-01-31,wx4g5bk,0.00375
2020-03-09,wx4u6dp,0.21
2020-01-22,wx4g915,0.02
2020-02-28,wx4g6vn,0.09
2020-03-08,wx4dq6t,0.03
2020-02-01,wx4dzb6,0.03
2020-02-01,wx4dym2,0.01
2020-03-06,wx49zht,0.06
2020-02-25,wx4eqgw,0.01583333333333333
2020-02-05,wx4fuwg,0.4
2020-02-20,wx4g4fu,0.014482758620689656
2020-01-31,wx4cbs6,0.01
2020-03-10,wx4gemr,0.006
2020-03-13,wx4mw1v,0.08904545454545455
2020-02-04,yb471u7,0.004615384615384616
2020-01-24,wx4dym2,0.03238095238095238
2020-01-18,wx4dym2,0.016456692913385827
2020-02-11,wx4dz9r,0.6969565217391305
2020-02-07,wx4fbc7,0.02
2020-01-20,wx4exgk,0.004545454545454545
2020-01-19,wx4g85m,0.01
2020-02-17,wx4g2mp,0.009873417721518988
2020-02-20,wx4cbvf,0.03
2020-01-15,wx4g6xc,0.003148148148148148
2020-03-10,wx4fbc6,0.01125
2020-03-06,wx4g93s,0.06
2020-01-24,wzgrwes,0.01
2020-03-08,wx4getu,0.165
2020-01-27,wx4ej9y,0.011904761904761904
2020-02-09,wx4gjk7,0.01
2020-02-22,wx4g7sq,0.03
2020-03-04,wx4dz9p,0.053331932773109235
2020-02-26,wx4gemr,0.010190217391304348
2020-02-21,wx4ew83,0.048738461538461536
2020-01-21,wx4exg7,0.008055555555555555
2020-02-12,wx4fbc7,0.007058823529411765
2020-02-29,wx4g399,0.029166666666666664
2020-01-16,ww64m4p,0.03785714285714286
2020-03-08,wx4vty6,0.09
2020-02-14,wx4gets,0.009863013698630137
2020-02-03,wzgrwes,0.016904761904761905
2020-02-11,wx4dzb6,0.04
2020-02-12,wx4fyv6,0.009807692307692307
2020-01-18,ww64m1z,0.0025
2020-02-24,wx4fyt9,0.01776923076923077
2020-03-02,wx4u2k3,0.03230769230769231
2020-02-29,wx4uq1p,5.357142857142856E-4
2020-03-14,wx4mw1v,0.07675438596491227
2020-02-25,wx4gete,0.001607142857142857
2020-01-18,wx4g1wj,0.01
2020-01-26,wx4gjhp,0.02
2020-02-28,wx4dz9r,0.5066666666666667
2020-02-09,wx4dws1,6.666666666666666E-4
2020-02-22,wx4g2mn,0.03
2020-02-05,wx4ep0n,0.01
2020-02-29,wx4dz9p,0.0025
2020-01-31,wx4gjhp,0.01
2020-03-13,wx4dwm2,0.09
2020-02-21,wx4g6vn,0.09375
2020-02-07,wt3nm8j,0.08
2020-01-20,wx4g3eh,0.0051149425287356325
2020-02-09,wx4dws3,0.012425965411040036
2020-03-09,wx4g1wj,0.03
2020-02-21,wx4uq0y,0.0075
2020-03-13,wx4fcnx,0.03
2020-03-04,wx4u2jr,0.03
2020-01-21,wx4epu9,0.01
2020-01-19,wx4g1wj,0.01
2020-01-20,wx4epud,0.01
2020-01-20,wx4g4j9,0.01
2020-03-07,wx4ep0n,0.18
2020-02-02,wx4ew83,0.01
2020-02-27,wx4dz9r,0.33
2020-02-17,wx4g6vn,0.075
2020-03-02,wx4ej9w,0.12
2020-03-08,wx4dvu0,0.03
2020-03-10,wx4dwn6,0.02727272727272727
2020-02-27,wx4u6dp,0.27
2020-03-14,wx4gete,0.14836633663366336
2020-02-29,wx4vty6,0.12
2020-01-17,wx4dzvu,0.01
2020-03-13,wx4fvqq,0.015833333333333335
2020-01-18,wx4fyv6,0.03
2020-03-13,wx4g93s,0.06
2020-03-02,wx4g3je,0.09
2020-01-18,wx4vjtf,0.01
2020-02-03,ww98jwy,0.01
2020-03-03,wx4ew83,0.03
2020-02-16,wx4dz9p,0.4
2020-02-27,wx4uq1n,0.0315
2020-01-19,wx4g3dt,0.02791044776119403
2020-01-19,wx4exg7,0.0011619718309859154
2020-02-02,wx4g5dm,0.005
2020-01-30,wx4f4tn,0.01
2020-01-31,wx4dwkj,0.02
2020-02-01,wx4ep0n,0.01
2020-03-09,wx4g93u,0.03
2020-01-15,wx4g3eq,0.01
2020-01-21,wx4dym2,0.02
2020-03-04,wx4uq1n,0.027857142857142858
2020-02-26,wx4eqve,0.013846153846153847
2020-01-22,wt9km1p,0.01
2020-02-26,wx4uq1n,0.03
2020-01-27,wx4dwkj,0.01
2020-02-05,wx4getu,0.5714285714285714
2020-01-16,wx4fyv4,0.01
2020-01-15,wx4uq1r,0.004827586206896552
2020-02-03,wx4gets,0.04
2020-02-25,wx4fcnx,0.06157563025210084
2020-01-15,wx4ej9w,0.01011111111111111
2020-02-09,wx4dz95,0.43
2020-01-30,wx53vr8,0.03
2020-01-21,wt9km1p,0.01
2020-02-18,wx4eqv3,0.44372340425531914
2020-02-08,wx4dwg8,5.882352941176471E-4
2020-01-23,wx4g1mt,4.1666666666666664E-4
2020-01-18,wx4uq29,1.724137931034483E-4
2020-02-28,wx4u6dp,0.27
2020-01-17,wx4dzr5,0.01
2020-02-20,wx4g7sr,0.019999999999999997
2020-01-15,wx4dz8r,0.008695652173913044
2020-01-25,wx4eqfs,0.02
2020-02-26,wx4dz9r,0.8707499999999999
2020-01-20,wx4exg5,0.005454545454545454
2020-01-18,ww64m4p,0.0175
2020-01-20,wx4g6x8,0.0015625
2020-02-20,wx4g2mn,0.01
2020-01-24,wx4ej9w,0.025555555555555554
2020-01-23,wx4f858,0.01
2020-03-11,wx4ew83,0.06
2020-03-05,wx4g1wj,0.03
2020-02-08,wx4gets,0.002631578947368421
2020-01-16,wx4qpet,0.01
2020-03-01,wx4g1wj,0.06
2020-02-28,wx4getu,1.5
2020-02-12,wx4g3dt,0.0014285714285714286
2020-01-19,wx4exgh,0.01
2020-01-21,wx4fmvf,0.0024545454545454545
2020-03-06,wx4dq6m,0.03
2020-02-12,wx4g3dm,0.008763736263736265
2020-02-14,wx4dyh8,0.11
2020-03-01,wx48wyc,0.005555555555555555
2020-02-19,wx4gemx,0.33
2020-01-19,wx4ep5r,0.01
2020-02-25,wx4fcnw,0.029306722689075627
2020-03-10,wx4ep0n,0.09
2020-02-03,wzgrwek,0.0030952380952380953
2020-01-18,wx4uq6d,0.005
2020-01-16,wx4g2mn,0.02
2020-02-25,wx4dvux,7.5E-4
2020-02-15,wx4uq93,0.43
2020-02-20,wx4dz9r,0.03
2020-02-08,wx4fuz0,0.4
2020-03-03,wx4dzb6,0.03
2020-03-05,wx4ej9w,0.12
2020-02-07,wx4gjk7,0.01
2020-02-04,wx4gemx,0.04
2020-02-21,wx4getg,0.07966666666666666
2020-02-10,wx4uq1p,0.0825
2020-03-13,wx4g1wj,0.03
2020-01-16,wx4dym2,0.03
2020-03-13,wx4u69z,0.01391304347826087
2020-03-11,wx4dvux,0.06
2020-03-11,wx4dwne,0.03
2020-02-22,wx4dwn3,0.03
2020-02-04,wx4s1vj,0.03
2020-01-18,wx4g3mk,0.0018421052631578947
2020-02-05,wx4getg,0.26857142857142857
2020-01-18,wx4qpe6,0.03
2020-02-12,wx4getg,0.86
2020-01-19,wx4dwej,0.01
2020-03-09,wx4getg,0.2983636363636364
2020-02-13,wx4uq93,0.4
2020-01-31,wx4ep0n,0.03
2020-03-06,wx4getu,0.26
2020-03-10,wx4getu,0.09
2020-02-04,wx4dz9p,0.008333333333333333
2020-03-13,wx4getg,0.03
2020-01-17,ww64m4p,0.03
2020-01-20,w7w93tf,9.090909090909091E-4
2020-01-17,ww64m56,0.01
2020-01-15,ww64m4p,0.01
2020-02-13,wx4er4b,0.11
2020-03-08,wx4ejby,0.0225
2020-02-01,wx4gets,0.01
2020-01-16,wx4exg7,0.010671641791044776
2020-01-15,wx4enym,0.0015384615384615387
2020-02-22,wx4uqc2,0.003614457831325301
2020-01-16,wx4g9mf,0.008
2020-01-20,wx4fke1,0.01
2020-03-13,wx4f4tn,0.06
2020-03-12,wx4fvmc,0.035454545454545454
2020-03-12,wx4fvqj,0.24
2020-03-01,wx4uq1n,0.09510584415584415
2020-02-18,wx4g2mn,0.02
2020-02-29,wx4dq6t,0.03
2020-02-09,wx4getu,1.6748275862068964
2020-02-17,wx4eqv9,1.72
2020-01-18,wx4dy10,0.0013333333333333333
2020-02-17,wx4gemx,0.06
2020-01-21,wx4ep2g,0.01
2020-01-16,wx4dwet,0.01
2020-02-24,wx4dz9r,0.43
2020-03-11,wx4gh08,0.03
2020-02-11,wx4g4cm,0.0125
2020-02-15,wx4gewk,0.11
2020-03-05,wx4dz9r,0.13860759493670885
2020-02-22,wx4fyw1,0.18743589743589745
2020-02-20,wx4er4b,0.03
2020-01-16,wx4uq0f,0.00975
2020-03-04,wx4fcmd,0.03
2020-01-30,wx49yv6,0.01
2020-01-15,wx4g2mn,0.01
2020-01-23,wx4uq0f,0.01
2020-02-10,wx4fyv6,0.01
2020-02-26,wx4ep0n,0.03
2020-03-11,wx4fbc5,0.23271428571428573
2020-03-10,wx4vty5,0.03
2020-01-19,wx4g5b7,0.01
2020-02-28,wx4g399,0.03
2020-02-25,wx4ew83,0.01764473684210526
2020-02-24,wx4g2mn,0.05
2020-02-01,wx4s1vj,0.01
2020-03-11,wx4u6dp,0.18
2020-02-25,wx4ds2y,0.03
2020-01-22,wx4fbt5,0.01
2020-02-08,wx4s1vj,0.41000000000000003
2020-03-13,wx4g6vn,0.03
2020-02-13,wx4dp28,0.86
2020-03-14,wx4vty6,0.06
2020-01-21,wmru9qf,3.7037037037037035E-4
2020-02-28,wx4ds2y,0.009999999999999998
2020-01-21,wx4ej9x,0.01
2020-01-23,wx4dym2,0.04
2020-02-04,wx4getu,0.48
2020-01-15,wx4fk1g,0.02
2020-01-20,wx4fxmm,0.008947368421052633
2020-01-18,wx4uq0f,0.04420454545454546
2020-02-04,yb471tt,0.005384615384615384
2020-02-03,wx4gjk7,0.01
2020-03-12,wx4fvq1,0.024545454545454547
2020-03-13,wx4gets,0.024234189723320157
2020-02-23,wx4fpx3,0.4
2020-02-21,wx4getu,0.1438333333333333
2020-03-08,wx49zht,0.03
2020-01-30,wx4g5b7,0.019000000000000003
2020-03-08,wx4uq3s,0.03
2020-02-09,wx4getg,0.8451724137931034
2020-01-15,wx4gd0f,0.01
2020-01-23,wx4g3sj,0.01
2020-01-16,wx4exgk,9.230769230769232E-4
2020-02-07,wx4gesz,0.04
2020-02-09,wx4s1vj,0.04
2020-03-08,wx4ejbv,0.0075
2020-02-03,wx4g2mn,0.01
2020-02-28,wx4eqv9,0.09512015503875969
2020-01-15,ww64j4x,0.004
2020-01-26,wx4dveg,0.006470588235294118
2020-02-14,wx4uq1n,0.027873376623376623
2020-02-22,wx4eqbe,0.06837662337662337
2020-02-09,wx4g1wj,0.01
2020-02-24,wx4fytd,0.005076923076923077
2020-02-23,wx4uq93,0.03
2020-01-20,wx4dzr5,0.01
2020-03-02,wx4u69z,0.029491525423728814
2020-03-07,wx4getk,0.06
2020-03-03,wx4fvqj,0.43
2020-03-07,wx4getg,0.20647058823529413
2020-01-24,wx53vr8,0.006136363636363637
2020-01-27,wx4exgv,0.03
2020-02-03,wx4uq1p,0.05333333333333334
2020-01-30,wx4gemr,2.9411764705882356E-4
2020-02-01,wx4gjk7,0.02
2020-01-25,wx4vjtg,0.00411764705882353
2020-02-04,wx4dz96,0.4
2020-01-21,wx4fmjd,1.818181818181818E-4
2020-01-20,wx4f7b1,0.0014925373134328356
2020-02-19,wx4uq1r,0.0225
2020-02-06,wx4uq1p,1.4333333333333336
2020-02-08,wx4dp2b,0.04
2020-01-20,wx4g2mn,0.01
2020-02-22,wx4vjtg,0.03
2020-02-11,wx4gsj5,0.4
2020-03-10,wx4g6vn,0.1175
2020-02-28,wx4gemx,0.08249999999999999
2020-03-02,wx4getu,1.59
2020-01-20,wx4dym2,0.03
2020-02-13,wx4eqv9,1.2000000000000002
2020-02-23,wx4uq1p,0.02395419847328244
2020-02-22,wx4fytb,0.09923076923076923
2020-02-01,wx4eqb7,0.004210526315789474
2020-01-19,wx4exgk,0.00176056338028169
2020-01-15,wt3m989,0.01
2020-02-18,wx4gpnn,0.08
2020-01-27,wx4dym2,0.01
2020-03-13,wx4getu,0.11232257033248082
2020-02-14,wx4dz9r,0.11
2020-01-25,wx4ew2m,0.01
2020-01-21,wx4exg5,0.0011111111111111111
2020-03-11,wx4fvqj,0.0885
2020-01-29,wx4g5b7,0.009800995024875622
2020-02-25,wx4dyh8,0.029249999999999998
2020-02-28,wx4cbvf,0.03
2020-03-14,wx4getu,0.04663366336633663
2020-01-16,wx4ej9w,0.01
2020-01-24,wx4ensf,0.003333333333333333
2020-03-12,wx49yvx,0.06
2020-02-03,wx4s1vj,0.03
2020-02-01,wx4gh08,0.005423728813559322
2020-02-05,wx4uq1p,0.400177304964539
2020-03-05,wx4u6dp,0.18
2020-01-19,wx4g3dm,8.955223880597015E-4
2020-01-20,wx4g53p,3.260869565217391E-4
2020-02-01,wzgrwe0,2.564102564102564E-4
2020-03-09,wx4dq6t,0.03
2020-02-17,wx4fytc,0.3308333333333333
2020-01-19,wx4dwn3,0.01
2020-03-02,wx4mw1v,0.049999999999999996
2020-03-11,wx4vty4,0.037168831168831164
2020-03-09,wx4ep0n,0.06
2020-03-02,wx4dzc0,0.005294117647058823
2020-01-17,wx4g85b,0.0025
2020-01-17,wx4eqw7,0.01542521701834613
2020-02-26,wx4g9ws,0.04
2020-01-20,wx4g0hs,0.01
2020-03-08,wx4ds2y,0.06
2020-02-24,wx4eqv3,0.08538461538461538
2020-02-06,wx4ep0n,0.02
2020-01-24,wx4g932,0.02909090909090909
2020-02-28,wx49zht,0.05315589353612167
2020-03-08,wx4dvu2,0.06
2020-03-04,wx4g1wj,0.03
2020-02-24,wx4dwnf,0.03
2020-01-18,wx4fk15,0.01
2020-02-16,wx4uq1n,0.08859375
2020-03-13,wx4fvqj,0.14911764705882352
2020-03-08,wx4g53h,4.945054945054945E-4
2020-01-26,wx4utb8,0.009230769230769232
2020-02-14,wx4g2mn,0.04
2020-02-09,wx4g2mp,0.01
2020-02-02,wx4s1vj,0.03
2020-01-21,wx4fw6f,6.363636363636363E-4
2020-03-06,wx4vty6,0.09
2020-01-22,wzgrwes,0.03
2020-01-18,wx4g7sq,0.01
2020-02-26,wx4ew2z,0.0075
2020-03-12,wx4fbc5,0.12728571428571428
2020-02-03,wx4uq3s,0.01
2020-01-15,wx4exgv,0.036250000000000004
2020-01-29,wx4exgv,0.04
2020-02-08,wx4uq1r,0.0721897810218978
2020-01-26,wx4dvsh,0.011638655462184875
2020-03-03,wx4f4tn,0.03
2020-01-22,wx4ej9w,0.060000000000000005
2020-02-16,wx4s1vm,0.86
2020-01-17,wx4dwkj,0.01
2020-01-17,wx4u69g,0.01
2020-02-07,wx4getg,0.8300000000000001
2020-01-21,wx4fmtv,9.090909090909091E-4
2020-02-15,wx4vqek,0.11
2020-02-26,wx4s1vj,0.03
2020-02-09,wx4gemx,1.63
2020-03-03,wx4dyh8,0.03
2020-02-03,wx4getg,0.8333333333333334
2020-02-13,wx4uq1n,0.028
2020-03-14,wx4ep0n,0.12
2020-03-04,wx4gemx,0.06
2020-02-13,wx4s1vj,0.43
2020-01-31,wx4ew2j,0.032543859649122805
2020-03-13,wx4uq3s,0.03
2020-02-01,wx4fuwu,0.0014583333333333334
2020-02-06,wx4g14m,0.04
2020-01-21,wx4dzb6,0.01
2020-03-13,wx4dwnw,0.06
2020-02-25,wx4eqv9,0.06
2020-02-17,wx4fcnx,0.2573717948717949
2020-02-16,wx4vqek,0.11
2020-02-02,wx4ep0n,0.02
2020-02-26,wx4g6kb,0.03
2020-01-17,wx4g3d4,0.01
2020-03-11,wx4gete,0.0465
2020-01-20,wx4fkdb,4.4776119402985075E-4
2020-02-21,wx4gets,0.09716666666666667
2020-01-25,wx4gjhp,0.03
2020-02-04,wx4dz95,0.4
2020-02-12,wx4fbc5,0.03294117647058824
2020-02-18,wx4er4b,0.09
2020-01-23,wmrg13m,0.003943661971830986
2020-03-02,wx4s1vj,0.03
2020-01-30,wx4exgv,0.01
2020-02-25,wx4eqv3,0.03
2020-03-07,wx4uq1n,0.18
2020-03-08,wx4g1wj,0.03
2020-01-24,wx4dwn3,0.01
2020-01-20,wx4fysw,0.003157894736842105
2020-03-11,wx4uq1n,0.03
2020-02-12,wx4uq96,0.041025641025641026
2020-02-12,wx4fuz3,0.01482758620689655
2020-03-09,wx4fvqj,0.03
2020-02-05,wx4epuz,0.04
2020-02-25,wx4fymz,0.11
2020-01-29,wx4ep2g,0.01
2020-02-04,wx4dzum,0.04
2020-02-27,wx4g399,0.03
2020-03-04,wx4dz9r,0.21666806722689075
2020-03-05,wx4g6vn,0.09
2020-02-28,wx49zhs,0.005019011406844106
2020-01-21,wxrzd92,0.0022448979591836735
2020-01-27,wx4dzvu,0.01
2020-02-25,wx4g6vn,0.1489655172413793
2020-03-02,wx4dzb6,0.061160220994475135
2020-02-06,wx4uq1n,0.9666666666666667
2020-01-27,wzgrw7p,0.05
2020-02-02,wx4g398,0.01
2020-03-10,wx4gemx,0.024
2020-02-18,wx4eqv9,0.8462765957446808
2020-03-13,wx4mw1s,0.030954545454545453
2020-02-22,wx4uq1p,0.007203698514990193
2020-03-07,wx4er4b,0.06
2020-02-02,wx4uq1p,0.005161290322580645
2020-01-16,wx4eqfs,0.01
2020-02-23,wx4cbvf,0.03
2020-01-19,wx4ej9w,0.03
2020-02-20,wx4g6vn,0.12
2020-01-17,wx4g649,0.02
2020-02-19,wx4cbvf,0.06
2020-01-19,wx4g4pj,0.0011940298507462687
2020-02-21,wx4fpx1,1.6
2020-01-25,wx590cf,0.01
2020-02-04,wx4uq3s,0.02
2020-01-15,wx4g7sq,0.01
2020-02-14,wx4gemx,0.97
2020-02-01,wx4g2mn,0.01
2020-02-25,wx4dz9p,0.2574926253687315
2020-02-16,wx4cbvf,0.22
2020-01-25,wx4dzvu,0.02
2020-03-13,wx4vty6,0.03
2020-02-08,wx4dzb6,0.03
2020-01-21,wmruc00,0.008518518518518519
2020-03-02,wx4vty6,0.15
2020-01-31,wx4get8,0.19969924812030077
2020-01-17,wx4exgv,0.0575
2020-03-02,wx4ew2k,0.03
2020-01-26,wx4g143,7.692307692307693E-4
2020-01-26,wx4getg,0.01
2020-01-17,ww64m1w,0.01
2020-02-13,wx4getu,1.8633333333333333
2020-01-17,wx4fyv3,0.001
2020-01-25,wx4dvsh,0.01
2020-02-16,wx4eqv9,0.43
2020-02-20,wx4g4fv,0.04551724137931035
2020-01-19,ws07m87,0.01
2020-01-31,wx4g5b7,0.051250000000000004
2020-03-10,wx4ew89,0.03
2020-02-17,wx4gets,0.02
2020-02-11,wx4eqv9,0.12
2020-01-26,wx4ew2m,0.01
2020-02-18,wx4g6vn,0.15
2020-02-16,wx4fytf,0.08386813186813187
2020-02-18,wx4cbvf,0.03
2020-03-10,wx4uq1n,0.0325
2020-03-01,wx4mw1v,0.03
2020-02-12,wx4fuz0,0.8451724137931034
2020-01-29,wx4ej9q,0.01
2020-02-15,wx4eqv9,2.0
2020-02-26,wx4getu,0.7000000000000001
2020-02-23,wx4getg,0.29333333333333333
2020-01-31,wx4cbs7,0.01
2020-01-18,wx4fytn,0.01
2020-01-27,wx4vjtg,0.03
2020-02-06,wx4dzb2,0.0025
2020-02-24,wx4eqb7,0.02571428571428571
2020-01-28,wx4g2mp,0.01
2020-01-15,wx4gd8b,0.003740093805595989
2020-02-26,wx4vty6,0.03
2020-03-13,wx4fbc5,0.15
2020-02-01,wx4vjtg,0.02
2020-02-03,wx4gemx,0.03
2020-03-05,wx4dq6m,0.03
2020-02-24,wx4getu,0.3271428571428572
2020-02-18,wx4dz9r,0.03
2020-02-07,wx4g2mn,0.05
2020-01-22,wx4gd0s,0.01
2020-01-18,wx4g0hs,0.01
2020-01-19,wt9pmuu,0.006666666666666666
2020-02-18,wx4fcnw,0.03610526315789474
2020-03-13,wx4gete,0.014325592885375493
2020-01-31,wx4dym2,0.02
2020-01-23,wx4getu,0.023076923076923078
2020-03-05,wx4dz9p,0.01139240506329114
2020-02-14,wx4getu,1.02263698630137
2020-02-05,wx4vqek,0.04
2020-01-27,wx4dveu,0.019056603773584906
2020-02-08,wx4ep0n,0.03
2020-02-08,wx4uq1p,0.4192057039021836
2020-03-14,wx4mw1s,0.01324561403508772
2020-02-25,wx4uq1n,0.10103448275862068
2020-03-14,wt3nm8j,0.03
2020-02-28,wx4dzc0,0.06416666666666668
2020-01-20,wx4fk66,0.001044776119402985
2020-02-17,wx4fymz,0.5466666666666666
2020-02-09,wx4ds2y,0.04
2020-01-29,wx4g5bk,1.990049751243781E-4
2020-02-12,wx4gemx,3.1400000000000006
2020-03-02,wx4f4tn,0.03
2020-02-20,wx4fcnx,0.040569395017793594
2020-01-21,wx4uq14,0.01
2020-02-23,wx4ew89,0.006
2020-03-13,wx4g2b4,0.09
2020-01-17,wx4eqwe,0.01457478298165387
2020-01-15,wx4g8bw,0.011428571428571429
2020-03-05,wx4ep0n,0.12
2020-02-13,wx4fbc7,0.04
2020-03-01,wx4g399,0.02911764705882353
2020-01-25,wx4getg,0.01
2020-02-04,wx4g2mn,0.03
2020-03-05,wx4g2b4,0.03
2020-02-24,wx4getg,0.06285714285714286
2020-01-20,wx4g3dm,0.018333333333333333
2020-02-04,wx4dz9r,0.0016666666666666666
2020-02-26,wx4gemx,0.22980978260869564
2020-01-29,wx4vjtg,0.01
2020-01-23,wx4ep8v,0.01
2020-01-15,wx4g0jm,0.002631578947368421
2020-01-19,wx4dyjp,0.0104
2020-02-08,wx4dws1,5.882352941176471E-4
2020-03-06,wx4fbc6,0.03
2020-01-15,ww64jkd,0.004666666666666667
2020-03-11,wx4g8h1,0.028893442622950818
2020-02-05,wxh4euu,0.00949367088607595
2020-03-10,wx4g1wj,0.06
2020-03-12,wx4ffx2,0.018941326530612243
2020-01-21,wx4dvs5,0.01
2020-02-27,wx4uq1p,0.027
2020-03-08,wx4fbc5,0.15
2020-01-20,wx4g6uf,0.03
2020-02-06,wx4dp28,0.04
2020-01-31,wx4g1wj,0.01
2020-01-15,wx4g0hs,0.013717105263157895
2020-02-11,wx4dws6,0.04
2020-02-01,wx4fuwg,0.008541666666666666
2020-01-22,wx4dr6y,0.01
2020-02-16,wx4fyv6,0.03
2020-02-06,wx4dxz7,0.007777777777777778
2020-02-06,wx4g2mn,0.02
2020-02-29,wx4dzb6,0.03
2020-03-01,wx4ep0n,0.06
2020-02-03,wx4epuz,0.02
2020-01-27,wx4ep0n,0.01
2020-01-20,wx4fk15,0.012238805970149255
2020-01-16,wx4exg5,0.028405281285878305
2020-01-20,wx4g6x9,0.015625
2020-02-13,wx4dz9r,0.11
2020-02-16,wx4g2mn,0.04
2020-02-25,wx4gets,0.054107142857142854
2020-03-08,wx4ew83,0.03
2020-02-07,wx4s1vm,0.01
2020-03-11,wx4getu,0.12110655737704917
2020-01-18,wx4g3d2,0.005555555555555556
2020-03-07,wx4ej9w,0.09
2020-02-22,wx4fymz,1.4112820512820512
2020-02-26,wx4eqv3,0.09826833631484794
2020-02-25,wx4dz9r,3.094985250737463
2020-01-26,wx4g4f8,0.01
2020-02-07,wx4uq1n,1.0586452991452993
2020-01-27,wx4erwj,0.015
2020-03-03,wx4s1vj,0.12
2020-03-06,wx4g6vn,0.03
2020-02-17,wx4fyw1,0.4
2020-01-21,wx53vr8,0.02
2020-01-23,wx4dzb6,0.02
2020-01-20,wx4fyv4,0.01
2020-03-03,wx4uq1n,0.0011111111111111111
2020-02-20,wx4gemx,0.11
2020-02-24,wx4gemr,0.05072093023255814
2020-02-24,wx4uq1n,0.09
2020-03-01,wx4vty6,0.15
2020-03-11,wx4fbc4,0.03728571428571428
2020-02-23,wx4fcnx,0.10828888888888888
2020-02-23,wx4fpx1,1.6
2020-03-10,wx4vty6,0.1202200488997555
2020-02-23,wx4dwn9,0.03
2020-01-19,wx4exgv,0.030035211267605638
2020-02-13,wx4uq1p,0.032
2020-02-26,wx4g6vn,0.12
2020-02-29,wx4er4b,0.03
2020-02-06,wx4dzb3,0.0075
2020-03-12,wx4fcnt,0.006696428571428572
2020-03-01,wx4dwn3,0.03
2020-03-08,wx4ej9w,0.05590909090909091
2020-02-14,wx4fcnw,0.15636363636363637
2020-03-12,wx4vty5,0.03
2020-03-01,wx4g398,0.03088235294117647
2020-01-15,wx4g3du,0.01
2020-01-15,wx4g1jz,0.006666666666666666
2020-02-25,wx4uq93,0.09
2020-02-16,wx4fcnw,0.11
2020-02-20,wx4s1ub,0.03
2020-02-04,wx4uq1n,0.4961352657004831
2020-02-14,wx4fyv6,0.02
2020-03-06,wx4getg,0.09
2020-02-28,wx4dwne,0.03
2020-01-31,wx4eqbe,0.022222222222222223
2020-02-12,wx4dzc2,0.12
2020-03-02,wx4dz9p,0.024107142857142858
2020-01-25,wx4f4tq,0.01
2020-01-20,wx4g6xc,0.0028125
2020-01-24,wmrnqjt,0.01
2020-02-27,wx4eqve,0.0064556962025316455
2020-02-16,wx4uq93,0.86
2020-01-19,wx4vjtg,0.01
2020-03-02,wx4ep0n,0.09
2020-01-20,wx4g45k,6.666666666666666E-4
2020-02-15,wx4getu,0.5355000000000001
2020-02-19,wx4uq93,0.11
2020-01-21,wx4fqnd,0.0014545454545454545
2020-03-04,wx4g4fv,0.03
2020-02-20,wx4uq1n,0.04148936170212766
2020-02-12,wx4gewh,0.37625
2020-01-23,wx4g39c,0.01
2020-02-03,wx4uq1n,1.9866666666666664
2020-02-01,wx53vr8,0.02
2020-03-04,wx4dwnw,0.03
2020-01-19,wx4dym2,0.0296
2020-02-01,wx4eqbe,0.005789473684210527
2020-01-15,wx4dwn7,0.01
2020-02-11,wx4g3dm,0.0095
2020-02-15,wx4fcnw,0.24411764705882352
2020-02-01,wzgrwes,0.01
2020-01-27,wx4dvsh,0.010943396226415094
2020-01-19,ww64m1z,1.904761904761905E-4
2020-01-18,ww1rz7y,0.01
2020-02-23,wx4gemx,0.0260655737704918
2020-02-08,wx4gemx,2.4000000000000004
2020-01-16,wx4g6uf,0.02025
2020-03-01,wx4dz9p,0.012923076923076923
2020-02-21,wx4g6z3,0.00375
2020-03-09,wx4f4tn,0.03
2020-03-11,wx4getg,0.124010989010989
2020-02-15,wx4dz9r,0.4246511627906977
2020-02-10,wx4fyuf,0.005625
2020-02-26,wx4ew83,0.0225
2020-02-16,wx4gemx,0.71
2020-03-12,wx4g4f2,0.003793103448275862
2020-02-21,wx4g4fu,8.333333333333333E-4
2020-02-28,wx49zhq,0.0018250950570342205
2020-02-11,wx4gemr,0.05600000000000001
2020-01-24,wx4g3hw,0.01
2020-01-26,wx4g85t,0.02
2020-02-02,wx4gh08,0.025
2020-01-27,wx4erwn,0.015
2020-02-10,wx4g6vn,0.33
2020-02-24,wx4fcnx,0.09668214654282765
2020-02-07,wx4s1vj,0.04
2020-01-28,wzgrw7p,0.01
2020-02-24,wx4d7z5,0.03
2020-02-04,wzgrwee,0.011428571428571429
2020-03-10,wx4fbc5,0.16874999999999998
2020-03-04,wx4dyh8,0.09
2020-02-22,wx4getg,0.03323058684054535
2020-01-31,wx4g2ky,0.01
2020-03-04,wx4vty6,0.09
2020-01-29,wx4g90g,0.00909090909090909
2020-01-21,wzc4k73,6.802721088435374E-5
2020-03-14,wx4u69z,0.00711864406779661
2020-01-30,wx4fc06,0.01
2020-03-12,wx4vty6,0.09
2020-02-09,wx4uq1p,1.1102272727272726
2020-03-06,wx4ep0n,0.12
2020-03-09,wx4vty6,0.18
2020-03-06,wx4fyv6,0.21
2020-01-21,wx4dz8n,0.01
2020-03-05,wx4gemx,0.0975
2020-01-22,ww60kgc,0.01
2020-02-28,wx4dz9p,0.009166666666666667
2020-02-25,wx4dwn3,0.15
2020-02-11,wx4s1vj,1.6
2020-01-28,wx4getg,0.03
2020-02-03,wx4getu,0.3666666666666667
2020-02-16,wx4uq1p,0.03140625
2020-02-11,wx4gemx,2.404
2020-01-24,wx4fcmd,0.01
2020-01-27,wx4ej9w,0.008095238095238096
2020-01-20,wx4epu9,0.01
2020-01-16,wx4g9mc,0.012
2020-03-12,wx4mw1v,0.12
2020-02-15,wx4fyv6,0.02
2020-03-04,wx4ep0n,0.06
2020-02-23,wx4fcnw,0.01171111111111111
2020-01-16,ww64m1z,0.002142857142857143
2020-01-16,wx4uq3s,0.02
2020-03-03,wx4getg,4.6391752577319587E-4
2020-03-10,wx4dvu2,0.06
2020-01-15,wx4g3dm,0.02
2020-03-10,wx4dvux,0.06
2020-02-22,wx4fpx1,1.7582857142857145
2020-03-03,wx4ej9w,0.12
2020-02-14,wx4eqv9,0.4
2020-01-20,wx4f9jx,0.01
2020-01-20,wx4epme,0.01
2020-02-28,wx4dq6m,0.06
2020-03-08,wx4uq1n,0.03
2020-02-21,wx4cbvf,0.03
2020-01-28,ww8rx1g,0.01
2020-03-14,wx4ej9y,0.028983050847457625
2020-02-20,wx4fpx1,0.8400000000000001
2020-01-20,wx4dzb6,0.01
2020-03-07,wx4dzb6,0.03
2020-01-18,wx4gf21,0.004736842105263157
2020-01-30,wx4dym2,0.04
2020-03-10,wx4u6dp,0.24
2020-01-23,wx53vr8,0.03
2020-01-20,wx4dwn3,0.01
2020-03-14,wx4g93s,0.03
2020-01-21,wzc47gx,7.482993197278912E-4
2020-03-05,wx4sjcz,0.03
2020-01-15,wx4vjtg,0.01
2020-03-06,wx4dq6t,0.03
2020-02-18,wx4getg,0.06818181818181818
2020-01-29,wzgrw7p,0.04
2020-01-26,wt3nm8j,0.02
2020-03-06,wx4er4b,0.03
2020-02-24,wx4vjtg,0.026538461538461535
2020-02-06,wx4vqek,0.2
2020-02-21,wx4er4b,0.06
2020-01-18,wx4uq14,0.011985930735930737
2020-01-20,wx4g3br,0.01
2020-03-05,wx4dwn3,0.03
2020-02-21,wx4fytb,0.14021739130434782
2020-02-21,wx4g7sr,0.007211538461538462
2020-01-19,wx4ffq3,0.01
2020-02-24,wx4eqbe,0.004285714285714285
2020-01-17,wx4fyv6,0.012
2020-01-19,wx4dzb7,0.004047619047619048
2020-01-24,wx4dwn9,0.01
2020-03-14,wx4dvu2,0.03
2020-01-24,wx4ej9q,0.0044444444444444444
2020-01-21,wx4g141,0.01
2020-01-25,wx4exgv,0.05
2020-02-02,wx4g2m6,0.008888888888888889
2020-01-24,wx4exgv,0.03
2020-01-21,wx4fw08,5.454545454545455E-4
2020-01-23,wzgrwes,0.01
2020-03-08,wt3nm8j,0.03
2020-03-02,wx4fytc,0.03
2020-01-20,wx4fysj,0.0013157894736842105
2020-02-13,wx4gets,0.01
2020-03-09,wx4dvux,0.03
2020-03-02,wx4uq1n,0.03
2020-02-28,wx4dzb7,2.325581395348837E-4
2020-01-26,wx4dveu,8.823529411764706E-4
2020-02-22,wx4gete,0.03383275261324042
2020-02-08,wx4g1wj,0.01
2020-01-22,wx4dym2,0.02
2020-03-05,wx4dyh8,0.06
2020-02-23,wx4get8,0.003442622950819672
2020-02-19,wx4er4b,0.06
2020-02-07,wx4uq1p,0.6613547008547008
2020-02-12,wx4uq1n,0.10388888888888889
2020-03-03,wx4fcmd,0.06
2020-02-27,wx4dz9p,0.11
2020-03-03,wx4getu,1.5895360824742268
2020-01-28,wx4gemx,0.01
2020-02-13,wx4fuz0,0.11
2020-03-12,wx4dzb6,0.03
2020-03-04,wx4u6dp,0.18
2020-01-28,wx4g398,0.01
2020-03-05,wx4g3je,0.06
2020-03-12,wx4g6vn,0.03
2020-02-06,wx4dzdp,0.012222222222222223
2020-02-19,wx4fcnw,0.005113636363636364
2020-02-24,wx4dws6,0.03
2020-02-22,wx4eqv7,0.11
2020-01-17,wx4gn0j,0.002
2020-02-25,wx4ep0n,0.03
2020-03-14,wx4ex67,0.03
2020-02-02,wx4f4tn,0.02
2020-01-24,wx4dveg,0.01
2020-01-28,wx53vhs,0.01
2020-02-11,wx4gn0k,0.010333333333333333
2020-02-15,wx4g2mn,0.03
2020-01-16,wx4g3dm,0.0092
2020-02-17,wx4s1vj,0.11
2020-02-17,wx4uq1n,0.0735
2020-01-19,wx4ep90,0.01
2020-03-07,wx4uq1p,0.03
2020-03-11,wx4dwnw,0.03
2020-02-20,wx4uq1r,0.017553191489361703
2020-02-28,wx4ds2z,0.019999999999999997
2020-01-15,wx4enyn,0.006923076923076923
2020-02-24,wx4fpx3,0.5499223801398927
2020-02-26,wx4g4fv,0.03
2020-02-13,wx4getg,0.026666666666666665
2020-02-24,wx4dzc2,0.12
2020-01-15,wx4g8bx,0.018571428571428572
2020-01-28,wx4g915,0.02
2020-03-14,wx4dzb6,0.06
2020-02-28,wx4vjtg,0.03
2020-02-24,wx4fytb,0.11253846153846155
2020-02-24,wx4fymz,0.0786923076923077
2020-01-25,wx4dvs5,0.01
2020-03-03,wx4u69z,1.8987341772151899E-4
2020-03-11,wx4ej9q,0.027313432835820894
2020-02-23,wx4g7sq,0.03
2020-02-20,wx4ep0n,0.22
2020-01-19,wx4uq3s,0.03
2020-01-18,wx4dwn3,0.01
2020-03-03,wx4gemx,0.06
2020-02-18,wx4getu,0.15
